{
    "with_jpeg_recomp": {
        "top_k_vals": [1,2,3,4,5,6,7,9,11],
        "prior_paper2": {
            "agg_mean_ps1p0": [0.29388,0.34756,0.36657,0.34586,0.33954,0.32526,0.31049,0.29128,0.27175],
            "agg_max_ps0p5": [0.28681,0.35521,0.37405,0.36459,0.34778,0.33696,0.32478,0.30644,0.27781]
        },
        "prior_prefix": {
            "agg_mean_ps1p0": [0.30908,0.35065,0.35902,0.35624,0.343,0.33126,0.31012,0.28279,0.25884],
            "agg_max_ps0p5": [0.31486,0.35354,0.38062,0.35422,0.33899,0.3281,0.31264,0.30274,0.27526]
        }
    },
    "baselines": {
        "paper1": {
            "best_public": 0.3523,
            "best_private": 0.36479
        },
        "paper2": {
            "best_public": 0.316,
            "best_private": 0.34834
        }
    }
}